{"cameraMode":{"drawMode":0,"name":"Shaded","section":"Shading Mode"},"sceneLighting":false,"audioPlay":false,"sceneViewState":{"showFog":true,"showMaterialUpdate":false,"showSkybox":false,"showFlares":true,"showImageEffects":true,"showParticleSystems":true,"showVisualEffectGraphs":true},"in2DMode":false,"pivot":{"x":-31.562007904052736,"y":5.087248802185059,"z":-6.049672603607178},"rotation":{"x":-0.22721710801124574,"y":-0.7032924294471741,"z":0.2521749436855316,"w":-0.6248272657394409},"size":14.333857536315918,"orthographic":false}