{"cameraMode":{"drawMode":0,"name":"Shaded","section":"Shading Mode"},"sceneLighting":false,"audioPlay":false,"sceneViewState":{"showFog":true,"showMaterialUpdate":false,"showSkybox":false,"showFlares":true,"showImageEffects":true,"showParticleSystems":true,"showVisualEffectGraphs":true},"in2DMode":false,"pivot":{"x":14.024557113647461,"y":10.016786575317383,"z":-14.682534217834473},"rotation":{"x":0.06072543188929558,"y":0.8058876991271973,"z":-0.08037100732326508,"w":0.5836433172225952},"size":11.502084732055664,"orthographic":false}