{"cameraMode":{"drawMode":0,"name":"Shaded","section":"Shading Mode"},"sceneLighting":false,"audioPlay":false,"sceneViewState":{"showFog":true,"showMaterialUpdate":false,"showSkybox":false,"showFlares":true,"showImageEffects":true,"showParticleSystems":true,"showVisualEffectGraphs":true},"in2DMode":false,"pivot":{"x":-35.115440368652347,"y":3.862699508666992,"z":-4.994189739227295},"rotation":{"x":-0.05169810727238655,"y":-0.6818706393241882,"z":-0.04555434361100197,"w":0.728222131729126},"size":1.5929343700408936,"orthographic":false}