{"cameraMode":{"drawMode":0,"name":"Shaded","section":"Shading Mode"},"sceneLighting":false,"audioPlay":false,"sceneViewState":{"showFog":true,"showMaterialUpdate":false,"showSkybox":false,"showFlares":true,"showImageEffects":true,"showParticleSystems":true,"showVisualEffectGraphs":true},"in2DMode":false,"pivot":{"x":-10.7413969039917,"y":4.702920913696289,"z":-11.089000701904297},"rotation":{"x":0.19159634411334992,"y":-0.43489712476730349,"z":0.09672047197818756,"w":0.8745404481887817},"size":14.673151016235352,"orthographic":false}