{"cameraMode":{"drawMode":0,"name":"Shaded","section":"Shading Mode"},"sceneLighting":false,"audioPlay":false,"sceneViewState":{"showFog":true,"showMaterialUpdate":false,"showSkybox":false,"showFlares":true,"showImageEffects":true,"showParticleSystems":true,"showVisualEffectGraphs":true},"in2DMode":false,"pivot":{"x":-42.43913650512695,"y":4.700162887573242,"z":-5.365791320800781},"rotation":{"x":0.19510194659233094,"y":0.05686857923865318,"z":-0.009209244512021542,"w":0.9790926575660706},"size":6.190080165863037,"orthographic":false}