{"cameraMode":{"drawMode":0,"name":"Shaded","section":"Shading Mode"},"sceneLighting":false,"audioPlay":false,"sceneViewState":{"showFog":true,"showMaterialUpdate":false,"showSkybox":false,"showFlares":true,"showImageEffects":true,"showParticleSystems":true,"showVisualEffectGraphs":true},"in2DMode":false,"pivot":{"x":-44.028175354003909,"y":9.669856071472168,"z":-3.73091197013855},"rotation":{"x":-0.0685533732175827,"y":-0.839367687702179,"z":0.5286287665367127,"w":-0.10645879805088043},"size":1.1769580841064454,"orthographic":false}