{"cameraMode":{"drawMode":0,"name":"Shaded","section":"Shading Mode"},"sceneLighting":false,"audioPlay":false,"sceneViewState":{"showFog":true,"showMaterialUpdate":false,"showSkybox":false,"showFlares":true,"showImageEffects":true,"showParticleSystems":true,"showVisualEffectGraphs":true},"in2DMode":false,"pivot":{"x":325.584716796875,"y":36.94940185546875,"z":1209.9525146484375},"rotation":{"x":0.040191326290369037,"y":0.0003000922442879528,"z":0.0012520718155428768,"w":0.9992066025733948},"size":1627.5399169921875,"orthographic":false}