{"cameraMode":{"drawMode":0,"name":"Shaded","section":"Shading Mode"},"sceneLighting":false,"audioPlay":false,"sceneViewState":{"showFog":true,"showMaterialUpdate":false,"showSkybox":false,"showFlares":true,"showImageEffects":true,"showParticleSystems":true,"showVisualEffectGraphs":true},"in2DMode":false,"pivot":{"x":-35.23554611206055,"y":4.263893127441406,"z":-5.673224449157715},"rotation":{"x":0.26081544160842898,"y":0.2670341432094574,"z":-0.0730612501502037,"w":0.9248479604721069},"size":1.5929343700408936,"orthographic":false}