{"cameraMode":{"drawMode":0,"name":"Shaded","section":"Shading Mode"},"sceneLighting":false,"audioPlay":false,"sceneViewState":{"showFog":true,"showMaterialUpdate":false,"showSkybox":false,"showFlares":true,"showImageEffects":true,"showParticleSystems":true,"showVisualEffectGraphs":true},"in2DMode":false,"pivot":{"x":-18.816184997558595,"y":2.0966808795928957,"z":1.1164963245391846},"rotation":{"x":0.19060128927230836,"y":0.24882502853870393,"z":-0.0488048791885376,"w":0.9485602378845215},"size":4.758556842803955,"orthographic":false}