{"cameraMode":{"drawMode":0,"name":"Shaded","section":"Shading Mode"},"sceneLighting":false,"audioPlay":false,"sceneViewState":{"showFog":true,"showMaterialUpdate":false,"showSkybox":false,"showFlares":true,"showImageEffects":true,"showParticleSystems":true,"showVisualEffectGraphs":true},"in2DMode":false,"pivot":{"x":-0.03438222408294678,"y":4.536980628967285,"z":-11.019648551940918},"rotation":{"x":-0.04868483543395996,"y":0.890170693397522,"z":-0.10258731991052628,"w":-0.4415018558502197},"size":7.093683242797852,"orthographic":false}