{"cameraMode":{"drawMode":0,"name":"Shaded","section":"Shading Mode"},"sceneLighting":false,"audioPlay":false,"sceneViewState":{"showFog":true,"showMaterialUpdate":false,"showSkybox":false,"showFlares":true,"showImageEffects":true,"showParticleSystems":true,"showVisualEffectGraphs":true},"in2DMode":false,"pivot":{"x":-50.10553741455078,"y":5.499708652496338,"z":-32.13628005981445},"rotation":{"x":0.17814455926418305,"y":0.7052949666976929,"z":-0.1872367560863495,"w":0.6603079438209534},"size":12.795226097106934,"orthographic":false}