{"cameraMode":{"drawMode":0,"name":"Shaded","section":"Shading Mode"},"sceneLighting":false,"audioPlay":false,"sceneViewState":{"showFog":true,"showMaterialUpdate":false,"showSkybox":false,"showFlares":true,"showImageEffects":true,"showParticleSystems":true,"showVisualEffectGraphs":true},"in2DMode":false,"pivot":{"x":29.37254524230957,"y":-58.72490310668945,"z":67.20205688476563},"rotation":{"x":-0.4748057723045349,"y":-0.20747634768486024,"z":0.11469724774360657,"w":-0.8476120233535767},"size":199.34654235839845,"orthographic":false}