{"cameraMode":{"drawMode":0,"name":"Shaded","section":"Shading Mode"},"sceneLighting":false,"audioPlay":false,"sceneViewState":{"showFog":true,"showMaterialUpdate":false,"showSkybox":false,"showFlares":true,"showImageEffects":true,"showParticleSystems":true,"showVisualEffectGraphs":true},"in2DMode":false,"pivot":{"x":0.20399552583694459,"y":4.0346903800964359,"z":-11.185670852661133},"rotation":{"x":-0.15483060479164124,"y":0.8232240676879883,"z":-0.26876166462898257,"w":-0.47590726613998415},"size":3.7518908977508547,"orthographic":false}