{"cameraMode":{"drawMode":0,"name":"Shaded","section":"Shading Mode"},"sceneLighting":true,"audioPlay":false,"sceneViewState":{"showFog":true,"showMaterialUpdate":false,"showSkybox":true,"showFlares":true,"showImageEffects":true,"showParticleSystems":true,"showVisualEffectGraphs":true},"in2DMode":false,"pivot":{"x":-54.723453521728519,"y":-9.923591613769532,"z":-75.72653198242188},"rotation":{"x":-0.4872046411037445,"y":0.5091454386711121,"z":-0.48362138867378237,"w":-0.5192400813102722},"size":19.86566162109375,"orthographic":false}